{"corners":{"bottom_left":[761.568775177,208.7623679638],"bottom_right":[560.9145927429,412.140673399],"top_left":[368.9820098877,74.977440834],"top_right":[227.8837966919,324.8320662975]}}