{"corners":{"bottom_left":[789.2795562744,315.1073312759],"bottom_right":[394.0672302246,394.7725117207],"top_left":[614.4980621338,74.7117573023],"top_right":[124.2862701416,218.1203860044]}}