{"corners":{"bottom_left":[591.9381523132,119.729577899],"bottom_right":[673.7928771973,330.6459152699],"top_left":[263.0163574219,202.0967191458],"top_right":[391.4991188049,388.8072252274]}}