{"corners":{"bottom_left":[736.1468696594,164.5476329327],"bottom_right":[615.0776481628,398.2548666],"top_left":[302.231054306,101.2103462219],"top_right":[266.0903835297,358.0638957024]}}