{"corners":{"bottom_left":[659.1264724731,379.8778188229],"bottom_right":[306.69090271,382.8715181351],"top_left":[698.7074661255,127.5616335869],"top_right":[255.5110645294,132.2963172197]}}