{"corners":{"bottom_left":[318.5758495331,358.9673709869],"bottom_right":[329.0014743805,136.7023444176],"top_left":[605.2677154541,380.5831539631],"top_right":[667.0706176758,166.8978273869]}}