{"corners":{"bottom_left":[379.4713783264,376.3965260983],"bottom_right":[130.1849126816,215.7778680325],"top_left":[775.5519676208,315.8111858368],"top_right":[637.140712738,103.6867922544]}}