{"corners":{"bottom_left":[474.2807579041,397.0859652758],"bottom_right":[767.6103401184,271.6234391928],"top_left":[194.2273521423,268.3869731426],"top_right":[483.804359436,185.4666101933]}}