{"corners":{"bottom_left":[178.3642816544,284.3550378084],"bottom_right":[554.2149353027,355.7819205523],"top_left":[431.598443985,214.0547633171],"top_right":[756.921043396,256.8211376667]}}