{"corners":{"bottom_left":[779.6216011047,246.6128969193],"bottom_right":[409.2615509033,195.9419345856],"top_left":[592.7098274231,387.99908638],"top_right":[140.4482030869,296.5038836002]}}