{"corners":{"bottom_left":[634.3643760681,347.0630139112],"bottom_right":[755.0478172302,247.7881550789],"top_left":[151.5629911423,296.5233081579],"top_right":[381.3003730774,220.7263183594]}}