{"corners":{"bottom_left":[566.4865493774,467.9749631882],"bottom_right":[725.4691886902,222.8360795975],"top_left":[213.2316827774,321.2562900782],"top_right":[415.2229213715,121.7198467255]}}