{"corners":{"bottom_left":[304.6744537354,208.0004811287],"bottom_right":[173.8698291779,339.2325675488],"top_left":[706.3889122009,218.8012433052],"top_right":[736.1112785339,360.567394495]}}