{"corners":{"bottom_left":[817.8455543518,297.0600986481],"bottom_right":[417.8561496735,374.8874616623],"top_left":[583.2169532776,95.7883840799],"top_right":[103.5020112991,239.8439455032]}}