{"corners":{"bottom_left":[802.6312637329,395.4554772377],"bottom_right":[640.2420043945,125.7531058788],"top_left":[252.758102417,474.5589709282],"top_right":[223.2158517838,170.1492440701]}}