{"corners":{"bottom_left":[437.7598285675,442.9201161861],"bottom_right":[234.1449451447,231.8580543995],"top_left":[715.6362533569,306.5567278862],"top_right":[532.5771903992,54.7628451884]}}