{"corners":{"bottom_left":[186.6292476654,303.8175112009],"bottom_right":[549.0974807739,466.005679965],"top_left":[431.4014053345,132.1424818039],"top_right":[753.4692192078,238.4765982628]}}