{"corners":{"bottom_left":[223.0426740646,315.0117373466],"bottom_right":[304.9972343445,145.9701758623],"top_left":[597.1252441406,353.0102598667],"top_right":[793.1077194214,215.152258873]}}