{"corners":{"bottom_left":[481.6101837158,519.8014593869],"bottom_right":[760.4400444031,268.9260005951],"top_left":[199.1860198975,271.0754156113],"top_right":[478.7705898285,79.2680954933]}}