{"corners":{"bottom_left":[86.0515093803,248.5978710651],"bottom_right":[378.5796260834,454.6009781957],"top_left":[535.2429771423,169.4491553307],"top_right":[916.2235450745,293.6988294125]}}